{
    "before_layer_change_gcode": "{if layer_num == 1};\nM221 S100 T0 ;flow 100%\nM221 S100 T1 ;flow 100%\nM221 S100\n{endif}\n\n\nG92 E0.0\n",
    "deretraction_speed": [
        "0"
    ],
    "disable_m73": "1",
    "fan_kickstart": "3",
    "fan_speedup_time": "3",
    "from": "User",
    "gcode_flavor": "reprapfirmware",
    "inherits": "MyKlipper 0.4 nozzle",
    "is_custom_defined": "0",
    "layer_change_gcode": ";M117 Layer {layer_num+1}/{layer_z}\nM117 ~layer~ {layer_num+1} ~height~ {layer_z}",
    "machine_end_gcode": "G28 X0 Y0 ; home XY axes\nM104 S0 T0 ; turn off right extruder\nM140 S0 ; turn off bed\nM106 S0 ; turn off fan\nM84 ; disable motors",
    "machine_max_acceleration_e": [
        "30",
        "5000"
    ],
    "machine_max_acceleration_extruding": [
        "1250",
        "20000"
    ],
    "machine_max_acceleration_retracting": [
        "1250",
        "5000"
    ],
    "machine_max_acceleration_x": [
        "400",
        "20000"
    ],
    "machine_max_acceleration_y": [
        "400",
        "20000"
    ],
    "machine_max_acceleration_z": [
        "100",
        "200"
    ],
    "machine_max_jerk_e": [
        "5",
        "2.5"
    ],
    "machine_max_jerk_x": [
        "20",
        "9"
    ],
    "machine_max_jerk_y": [
        "20",
        "9"
    ],
    "machine_max_jerk_z": [
        "0.4",
        "0.4"
    ],
    "machine_max_speed_e": [
        "200",
        "25"
    ],
    "machine_max_speed_x": [
        "400",
        "200"
    ],
    "machine_max_speed_y": [
        "400",
        "200"
    ],
    "machine_max_speed_z": [
        "20",
        "12"
    ],
    "machine_start_gcode": "M106 S0 ;set FAN peed 0\nG21 ; set units to millimeters\nG90 ; use absolute coordinates\nM82 ; use absolute distances for extrusion\n\nM104 S100 T0  ;  Wait till the EXT1 is heated\nM190 S[bed_temperature]  ;  Wait till the Bed is heated\n\nG28\nG1 Z5\nG1 X150 Y-20 F12000\n\nM109 S150 T0  ;  Wait till the EXT1 is heated \n\nG1 Z0\nM109 S[nozzle_temperature]  T0  ;  Wait till the EXT2 is heated \n\nG1 Z2\n;================================================\nT0 \t\t; switch to left extruder\n\nG92 E0 \t\t\t; zero extruder distance\nG1 Z4 F1000 \t\t; move bed down 4mm\nG1 Y-32 F12000 \t\t; move extruders to the front of machine\nG1 E15 F1000 \t\t; extrude 15 mm fast\nG1 E30 F200 \t\t; extrude another 30 mm slow\nG1 E25 F2000 \t\t; retract 5mm\nG92 E-7\t\t\t; zero extruder distance\nG4 S5\t\t\t; wait for 5 seconds\nG1 X290 F12000 \t\nG1 X367 F12000\t; perform wipe sequence right\nG1 X290 F12000 \nG1 X367 F12000\t; perform wipe sequence right\n\n\n\n;================================================\n\nM221 S120 T0 ;flow 120%\nM221 S120 T1 ;flow 120%\nM221 S120 \n\n; **********************************************************",
    "name": "Leapgrog_BOLT Pro T0 R - 0.4 nozzle  -zhop_0",
    "print_host": "192.168.0.2",
    "printable_area": [
        "0x0",
        "300x0",
        "300x320",
        "0x320"
    ],
    "printable_height": "205",
    "printer_settings_id": "Leapgrog_BOLT Pro T0 R - 0.4 nozzle  -zhop_0",
    "retraction_length": [
        "1"
    ],
    "retraction_speed": [
        "45"
    ],
    "support_air_filtration": "0",
    "support_chamber_temp_control": "0",
    "version": "1.8.0.0",
    "wipe": [
        "0"
    ],
    "z_hop": [
        "0"
    ]
}
