{
    "before_layer_change_gcode": "{if layer_num == 1};\nM221 S100 T0 ;flow 100%\nM221 S100 T1 ;flow 100%\nM221 S100\nM104 S[nozzle_temperature]  T0  ;  \nM104 S[nozzle_temperature]  T1  ;  \n\n{endif}\n\n\nG92 E0.0\n",
    "deretraction_speed": [
        "0"
    ],
    "disable_m73": "1",
    "fan_kickstart": "3",
    "fan_speedup_time": "3",
    "from": "User",
    "gcode_flavor": "reprapfirmware",
    "inherits": "MyKlipper 0.4 nozzle",
    "is_custom_defined": "0",
    "layer_change_gcode": ";M117 Layer {layer_num+1}/{layer_z}\nM117 ~layer~ {layer_num+1} ~height~ {layer_z}",
    "machine_end_gcode": ";M605 S1 ;  Auto-park mode (default mode)\n\nG28 X0 Y0 ; home XY axes\nM104 S0 T1 ;\nM104 S0 T0 ;\nM140 S0 ; turn off bed\nM106 S0 ; turn off fan\nM84 ; disable motors",
    "machine_max_acceleration_e": [
        "30",
        "5000"
    ],
    "machine_max_acceleration_extruding": [
        "1250",
        "20000"
    ],
    "machine_max_acceleration_retracting": [
        "1250",
        "5000"
    ],
    "machine_max_acceleration_x": [
        "400",
        "20000"
    ],
    "machine_max_acceleration_y": [
        "400",
        "20000"
    ],
    "machine_max_acceleration_z": [
        "100",
        "200"
    ],
    "machine_max_jerk_e": [
        "5",
        "2.5"
    ],
    "machine_max_jerk_x": [
        "20",
        "9"
    ],
    "machine_max_jerk_y": [
        "20",
        "9"
    ],
    "machine_max_jerk_z": [
        "0.4",
        "0.4"
    ],
    "machine_max_speed_e": [
        "200",
        "25"
    ],
    "machine_max_speed_x": [
        "400",
        "200"
    ],
    "machine_max_speed_y": [
        "400",
        "200"
    ],
    "machine_max_speed_z": [
        "20",
        "12"
    ],
    "machine_start_gcode": "M106 S0 ;set FAN speed \nG21 ; set units to millimeters\nG90 ; use absolute coordinates\nM82 ; use absolute distances for extrusion\n\nM104 S100 T0  ;  Wait till the EXT1 is heated \nM104 S100 T1  ;  Wait till the EXT2 is heated\nM190 S[bed_temperature]  ;  Wait till the Bed is heated\n\n;------------------------------------------------\n; M605 S2  ; SYNC mode for Klipper\n: M605 S3  ; MIRROR mode for Klipper \n;------------------------------------------------\n\nG28\nG1 Z5\n\nG1 X60 Y-10 F12000\n\nM104 S150 T0  ;  Wait till the EXT1 is heated \nM109 S150 T1  ;  Wait till the EXT2 is heated \nG1 Z0\n\nM104 S[nozzle_temperature]  T0  ;  Wait till the EXT1 is heated \nM109 S[nozzle_temperature]  T1  ;  Wait till the EXT2 is heated \nG1 Z1\n\n;================================================\n; Set extrude factor override percentage;\n\nM221 S120 T0  \nM221 S120 T1\nM221 S120\n\n;================================================",
    "name": "Leapgrog_BOLT Pro SYNC - MIRROR - 0.4 nozzle  -zhop_0",
    "print_host": "192.168.0.2",
    "printable_area": [
        "0x0",
        "139x0",
        "139x320",
        "0x320"
    ],
    "printable_height": "205",
    "printer_settings_id": "Leapgrog_BOLT Pro SYNC - MIRROR - 0.4 nozzle  -zhop_0",
    "retraction_length": [
        "1"
    ],
    "retraction_speed": [
        "45"
    ],
    "support_air_filtration": "0",
    "support_chamber_temp_control": "0",
    "version": "1.8.0.0",
    "wipe": [
        "0"
    ],
    "z_hop": [
        "0"
    ]
}
