{
    "before_layer_change_gcode": "{if layer_num == 1};\nM221 S100 ;flow 100%\n{endif}\n\nG92 E0.0\n",
    "from": "User",
    "inherits": "MyKlipper 0.4 nozzle",
    "is_custom_defined": "0",
    "layer_change_gcode": ";M117 Layer {layer_num+1}/{layer_z}\nM117 ~layer~ {layer_num+1} ~height~ {layer_z}",
    "machine_end_gcode": "G92 E1.5\nG1 F2700.000 E-1.50000\n\nG1 Y0 ; home Y\nG1 X150 F3000 ; X on 150mm\n\n; ----- osa Z +15 mm relativne ----\n\nG91 ;use relative coordinates\nG1 Z15 ; Nozzle +15mm from possition\nG90 ;use absolute coordinates\n\nM140 S0    ; turn off heatbed\n\n; ---- cistit E1 30 mm -----\nG92 E0\nG1 E30 F270\nM400\nG4 P5000\n\n; --- start pozice ----\nG1 X240 Y280 F3000\n;M109 T0 R50 ; wait for cooling E1\n\n; ---- zchladit  ------\nM140 S0    ; turn off heatbed\nM104 S0 T0 ; turn off nozzle E1\n   \n; ------ vypnout motory -----\nG1 Z15\nM84     ; disable motors\n\n; ---- Turn Off ----\nM81 ; power off\n",
    "machine_max_acceleration_e": [
        "1000",
        "5000"
    ],
    "machine_max_acceleration_extruding": [
        "1000",
        "20000"
    ],
    "machine_max_acceleration_retracting": [
        "1000",
        "5000"
    ],
    "machine_max_acceleration_x": [
        "1000",
        "20000"
    ],
    "machine_max_acceleration_y": [
        "1000",
        "20000"
    ],
    "machine_max_acceleration_z": [
        "50",
        "200"
    ],
    "machine_max_speed_x": [
        "600",
        "200"
    ],
    "machine_max_speed_y": [
        "600",
        "200"
    ],
    "machine_start_gcode": "; **********************************************************\nG21 ; set units to millimeters\nG90 ; use absolute coordinates\nM82 ; use absolute distances for extrusion\n\n; ----- nahrati tiskove podlozky  ------\nM190 S[bed_temperature] ; Wait till the Bed is heated\n\nG28 ; home all axes\nG1 X10 Y10 Z5 F6000 ; Nozzle on 5mm possition\n\n; ----- temperovani na 180 -------\nM109 S180 T0 ; wait temperature nozzle \nG1 Z0 F3000\n\n;  ----- nahrati E1 teplotu tisku  ---------\nM109 S[nozzle_temperature] T0 ; wait temperature nozzle E2\n\n; --- Start of print ----\nG21 ; metric values\nG90 ; absolute positioning\nM83 ; extruder relative mode\n\n; --- Prepare nozzle + intro line ----\n;G1 Z0.300 F11000\n;G1 Y0 X0 F11000 ; go on start position\n;G1 X3 E5 F500.0 ; go on start position\n;G92 E0 ; Set extrusion distance to 0\n;G1 Y60 E9.0  F800 ; intro line\n;G1 Z0.400 F10000\n;G1 Y120 E15  F800 ; intro line\n;G92 E0 ; Set extrusion distance to 0\n;G90 ; switch back to absolute mode\n\n\nM117 [input_filename_base]\nG1 Z1 F3000\n\nM221 S110 ;flow 110%\n",
    "name": "MyKlipper 0.4 nozzle - Kopírovat",
    "print_host": "192.168.0.2",
    "printable_area": [
        "0x0",
        "240x0",
        "240x280",
        "0x280"
    ],
    "printable_height": "160",
    "printer_settings_id": "MyKlipper 0.4 nozzle - Kopírovat",
    "version": "1.8.0.0"
}
