{
    "alternate_extra_wall": "1",
    "bottom_shell_layers": "4",
    "default_acceleration": "3000",
    "elefant_foot_compensation": "0.2",
    "ensure_vertical_shell_thickness": "0",
    "from": "User",
    "inherits": "0.20mm Standard @MyKlipper",
    "inner_wall_acceleration": "3000",
    "is_custom_defined": "0",
    "name": "Leapgrog_HS - 0.20mm Speed Extra wall",
    "only_one_wall_top": "1",
    "print_settings_id": "Leapgrog_HS - 0.20mm Speed Extra wall",
    "sparse_infill_density": "20%",
    "sparse_infill_pattern": "zig-zag",
    "travel_acceleration": "3000",
    "travel_speed": "600",
    "version": "1.8.0.0",
    "wipe_on_loops": "1"
}
