{
    "bottom_shell_layers": "4",
    "bridge_speed": "30",
    "brim_object_gap": "0",
    "brim_type": "inner_only",
    "default_acceleration": "3000",
    "from": "User",
    "inherits": "0.20mm Standard @MyKlipper",
    "inner_wall_acceleration": "3000",
    "internal_bridge_flow": "0.9",
    "internal_bridge_speed": "30",
    "internal_solid_infill_line_width": "0.45",
    "is_custom_defined": "0",
    "name": "Leapgrog_HS - 0.20mm Bridge",
    "only_one_wall_top": "1",
    "print_settings_id": "Leapgrog_HS - 0.20mm Bridge",
    "sparse_infill_density": "20%",
    "sparse_infill_pattern": "zig-zag",
    "thick_bridges": "1",
    "travel_acceleration": "3000",
    "travel_speed": "600",
    "version": "1.8.0.0",
    "wipe_on_loops": "1"
}
