{
    "bottom_shell_layers": "4",
    "default_acceleration": "400",
    "elefant_foot_compensation": "0.2",
    "from": "User",
    "gap_infill_speed": "20",
    "inherits": "0.20mm Standard @MyKlipper",
    "initial_layer_acceleration": "400",
    "inner_wall_acceleration": "400",
    "inner_wall_speed": "60",
    "internal_solid_infill_speed": "40",
    "is_custom_defined": "0",
    "name": "Leapgrog_BOLT Pro - 0.20mm",
    "only_one_wall_top": "1",
    "outer_wall_acceleration": "400",
    "outer_wall_speed": "60",
    "print_settings_id": "Leapgrog_BOLT Pro - 0.20mm",
    "sparse_infill_density": "20%",
    "sparse_infill_pattern": "zig-zag",
    "sparse_infill_speed": "80",
    "top_surface_acceleration": "400",
    "top_surface_speed": "40",
    "travel_acceleration": "400",
    "travel_speed": "400",
    "version": "1.8.0.0",
    "wipe_on_loops": "1"
}
