{
    "alternate_extra_wall": "1",
    "bottom_shell_layers": "4",
    "brim_type": "no_brim",
    "counterbore_hole_bridging": "sacrificiallayer",
    "default_acceleration": "3000",
    "elefant_foot_compensation": "0.2",
    "enable_support": "1",
    "ensure_vertical_shell_thickness": "ensure_moderate",
    "from": "User",
    "inherits": "0.20mm Standard @MyKlipper",
    "inner_wall_acceleration": "3000",
    "is_custom_defined": "0",
    "name": "Leapgrog_BOLT - 0.20mm Speed Extra wall",
    "only_one_wall_top": "1",
    "print_settings_id": "Leapgrog_BOLT - 0.20mm Speed Extra wall",
    "small_area_infill_flow_compensation": "1",
    "sparse_infill_density": "40%",
    "sparse_infill_pattern": "zig-zag",
    "support_on_build_plate_only": "1",
    "support_type": "normal(manual)",
    "travel_acceleration": "3000",
    "travel_speed": "600",
    "version": "1.8.0.0",
    "wipe_on_loops": "1"
}
