{
    "alternate_extra_wall": "1",
    "bottom_shell_layers": "4",
    "brim_object_gap": "0",
    "brim_type": "no_brim",
    "counterbore_hole_bridging": "sacrificiallayer",
    "default_acceleration": "3000",
    "elefant_foot_compensation": "0.1",
    "ensure_vertical_shell_thickness": "ensure_moderate",
    "from": "User",
    "inherits": "0.20mm Standard @MyKlipper",
    "inner_wall_acceleration": "3000",
    "inner_wall_speed": "100",
    "internal_solid_infill_line_width": "0.45",
    "internal_solid_infill_speed": "100",
    "is_custom_defined": "0",
    "name": "PCTG - 0.20mm Speed",
    "only_one_wall_top": "1",
    "outer_wall_speed": "100",
    "print_settings_id": "PCTG - 0.20mm Speed",
    "small_area_infill_flow_compensation": "1",
    "sparse_infill_density": "20%",
    "sparse_infill_pattern": "zig-zag",
    "sparse_infill_speed": "100",
    "travel_acceleration": "3000",
    "travel_speed": "600",
    "version": "1.8.0.0",
    "wipe_on_loops": "1"
}
