{
    "fan_max_speed": [
        "100"
    ],
    "fan_min_speed": [
        "50"
    ],
    "filament_flow_ratio": [
        "1"
    ],
    "filament_max_volumetric_speed": [
        "13"
    ],
    "filament_settings_id": [
        "Leapgrog_HS_Klipper - PETG 13 mm3"
    ],
    "from": "User",
    "hot_plate_temp": [
        "70"
    ],
    "hot_plate_temp_initial_layer": [
        "70"
    ],
    "inherits": "My Generic PETG",
    "is_custom_defined": "0",
    "name": "Leapgrog_HS_Klipper - PETG 13 mm3",
    "nozzle_temperature": [
        "240"
    ],
    "nozzle_temperature_initial_layer": [
        "240"
    ],
    "slow_down_layer_time": [
        "3"
    ],
    "slow_down_min_speed": [
        "60"
    ],
    "version": "1.8.0.0"
}
